File:Bangladesh quota reform movement 2024 in Mirpur 10 01.jpg	https://thumb.wikimedia.org/wikipedia/commons/thumb/d/df/Bangladesh_quota_reform_movement_2024_in_Mirpur_10_01.jpg/1920px-Bangladesh_quota_reform_movement_2024_in_Mirpur_10_01.jpg?utm_source=commons.wikimedia.org&utm_campaign=imageinfo&utm_content=thumbnail	https://commons.wikimedia.org/wiki/File%3ABangladesh_quota_reform_movement_2024_in_Mirpur_10_01.jpg
File:Bangladesh quota reform movement 2024 in Mirpur 10 02.jpg	https://thumb.wikimedia.org/wikipedia/commons/thumb/6/60/Bangladesh_quota_reform_movement_2024_in_Mirpur_10_02.jpg/1920px-Bangladesh_quota_reform_movement_2024_in_Mirpur_10_02.jpg?utm_source=commons.wikimedia.org&utm_campaign=imageinfo&utm_content=thumbnail	https://commons.wikimedia.org/wiki/File%3ABangladesh_quota_reform_movement_2024_in_Mirpur_10_02.jpg
File:Bangladesh quota reform movement 2024 in Mirpur 10 03.jpg	https://thumb.wikimedia.org/wikipedia/commons/thumb/7/79/Bangladesh_quota_reform_movement_2024_in_Mirpur_10_03.jpg/1920px-Bangladesh_quota_reform_movement_2024_in_Mirpur_10_03.jpg?utm_source=commons.wikimedia.org&utm_campaign=imageinfo&utm_content=thumbnail	https://commons.wikimedia.org/wiki/File%3ABangladesh_quota_reform_movement_2024_in_Mirpur_10_03.jpg
File:Bangladesh quota reform movement 2024 in Mirpur 10 04.jpg	https://thumb.wikimedia.org/wikipedia/commons/thumb/4/44/Bangladesh_quota_reform_movement_2024_in_Mirpur_10_04.jpg/1920px-Bangladesh_quota_reform_movement_2024_in_Mirpur_10_04.jpg?utm_source=commons.wikimedia.org&utm_campaign=imageinfo&utm_content=thumbnail	https://commons.wikimedia.org/wiki/File%3ABangladesh_quota_reform_movement_2024_in_Mirpur_10_04.jpg
File:Bangladesh quota reform movement 2024 in Mirpur 10 05.jpg	https://thumb.wikimedia.org/wikipedia/commons/thumb/2/22/Bangladesh_quota_reform_movement_2024_in_Mirpur_10_05.jpg/1920px-Bangladesh_quota_reform_movement_2024_in_Mirpur_10_05.jpg?utm_source=commons.wikimedia.org&utm_campaign=imageinfo&utm_content=thumbnail	https://commons.wikimedia.org/wiki/File%3ABangladesh_quota_reform_movement_2024_in_Mirpur_10_05.jpg
File:Bangladesh quota reform movement 2024 in Mirpur 10 06.jpg	https://thumb.wikimedia.org/wikipedia/commons/thumb/4/4e/Bangladesh_quota_reform_movement_2024_in_Mirpur_10_06.jpg/1920px-Bangladesh_quota_reform_movement_2024_in_Mirpur_10_06.jpg?utm_source=commons.wikimedia.org&utm_campaign=imageinfo&utm_content=thumbnail	https://commons.wikimedia.org/wiki/File%3ABangladesh_quota_reform_movement_2024_in_Mirpur_10_06.jpg
File:Bangladesh quota reform movement 2024 in Mirpur 10 07.jpg	https://thumb.wikimedia.org/wikipedia/commons/thumb/e/e6/Bangladesh_quota_reform_movement_2024_in_Mirpur_10_07.jpg/1920px-Bangladesh_quota_reform_movement_2024_in_Mirpur_10_07.jpg?utm_source=commons.wikimedia.org&utm_campaign=imageinfo&utm_content=thumbnail	https://commons.wikimedia.org/wiki/File%3ABangladesh_quota_reform_movement_2024_in_Mirpur_10_07.jpg
File:Bangladesh quota reform movement 2024 in Mirpur 10 08.jpg	https://thumb.wikimedia.org/wikipedia/commons/thumb/c/ce/Bangladesh_quota_reform_movement_2024_in_Mirpur_10_08.jpg/1920px-Bangladesh_quota_reform_movement_2024_in_Mirpur_10_08.jpg?utm_source=commons.wikimedia.org&utm_campaign=imageinfo&utm_content=thumbnail	https://commons.wikimedia.org/wiki/File%3ABangladesh_quota_reform_movement_2024_in_Mirpur_10_08.jpg
File:Bangladesh quota reform movement 2024 in Mirpur 10 09.jpg	https://thumb.wikimedia.org/wikipedia/commons/thumb/c/c5/Bangladesh_quota_reform_movement_2024_in_Mirpur_10_09.jpg/1920px-Bangladesh_quota_reform_movement_2024_in_Mirpur_10_09.jpg?utm_source=commons.wikimedia.org&utm_campaign=imageinfo&utm_content=thumbnail	https://commons.wikimedia.org/wiki/File%3ABangladesh_quota_reform_movement_2024_in_Mirpur_10_09.jpg
File:Bangladesh quota reform movement 2024 in Mirpur 10 10.jpg	https://thumb.wikimedia.org/wikipedia/commons/thumb/1/18/Bangladesh_quota_reform_movement_2024_in_Mirpur_10_10.jpg/1920px-Bangladesh_quota_reform_movement_2024_in_Mirpur_10_10.jpg?utm_source=commons.wikimedia.org&utm_campaign=imageinfo&utm_content=thumbnail	https://commons.wikimedia.org/wiki/File%3ABangladesh_quota_reform_movement_2024_in_Mirpur_10_10.jpg
File:Bangladesh quota reform movement 2024 in Mirpur 10 11.jpg	https://thumb.wikimedia.org/wikipedia/commons/thumb/2/2f/Bangladesh_quota_reform_movement_2024_in_Mirpur_10_11.jpg/1920px-Bangladesh_quota_reform_movement_2024_in_Mirpur_10_11.jpg?utm_source=commons.wikimedia.org&utm_campaign=imageinfo&utm_content=thumbnail	https://commons.wikimedia.org/wiki/File%3ABangladesh_quota_reform_movement_2024_in_Mirpur_10_11.jpg
File:Bangladesh quota reform movement 2024 in Mirpur 10 12.jpg	https://thumb.wikimedia.org/wikipedia/commons/thumb/5/50/Bangladesh_quota_reform_movement_2024_in_Mirpur_10_12.jpg/1920px-Bangladesh_quota_reform_movement_2024_in_Mirpur_10_12.jpg?utm_source=commons.wikimedia.org&utm_campaign=imageinfo&utm_content=thumbnail	https://commons.wikimedia.org/wiki/File%3ABangladesh_quota_reform_movement_2024_in_Mirpur_10_12.jpg
File:Bazar at Mirpur 10.jpg	https://thumb.wikimedia.org/wikipedia/commons/thumb/1/15/Bazar_at_Mirpur_10.jpg/1920px-Bazar_at_Mirpur_10.jpg?utm_source=commons.wikimedia.org&utm_campaign=imageinfo&utm_content=thumbnail	https://commons.wikimedia.org/wiki/File%3ABazar_at_Mirpur_10.jpg
File:Dhaka's traffic jam, Mirpur Road.jpg	https://thumb.wikimedia.org/wikipedia/commons/thumb/d/d4/Dhaka%27s_traffic_jam%2C_Mirpur_Road.jpg/1920px-Dhaka%27s_traffic_jam%2C_Mirpur_Road.jpg?utm_source=commons.wikimedia.org&utm_campaign=imageinfo&utm_content=thumbnail	https://commons.wikimedia.org/wiki/File%3ADhaka%27s_traffic_jam%2C_Mirpur_Road.jpg
File:Hasan Mahmud speaking at Dhaka Metropolitan North Awami League rally Mirpur 10 roundabout Dhaka 2023-09-27 (PID-0013442).jpg	https://upload.wikimedia.org/wikipedia/commons/8/80/Hasan_Mahmud_speaking_at_Dhaka_Metropolitan_North_Awami_League_rally_Mirpur_10_roundabout_Dhaka_2023-09-27_%28PID-0013442%29.jpg?utm_source=commons.wikimedia.org&utm_campaign=imageinfo&utm_content=thumbnail_unscaled	https://commons.wikimedia.org/wiki/File%3AHasan_Mahmud_speaking_at_Dhaka_Metropolitan_North_Awami_League_rally_Mirpur_10_roundabout_Dhaka_2023-09-27_%28PID-0013442%29.jpg
File:Mirpur 10 Night view.jpg	https://thumb.wikimedia.org/wikipedia/commons/thumb/d/d3/Mirpur_10_Night_view.jpg/1920px-Mirpur_10_Night_view.jpg?utm_source=commons.wikimedia.org&utm_campaign=imageinfo&utm_content=thumbnail	https://commons.wikimedia.org/wiki/File%3AMirpur_10_Night_view.jpg
File:Mirpur Road.jpg	https://upload.wikimedia.org/wikipedia/commons/1/1f/Mirpur_Road.jpg?utm_source=commons.wikimedia.org&utm_campaign=imageinfo&utm_content=thumbnail_unscaled	https://commons.wikimedia.org/wiki/File%3AMirpur_Road.jpg
File:Mirpur Road - panoramio.jpg	https://thumb.wikimedia.org/wikipedia/commons/thumb/8/86/Mirpur_Road_-_panoramio.jpg/1920px-Mirpur_Road_-_panoramio.jpg?utm_source=commons.wikimedia.org&utm_campaign=imageinfo&utm_content=thumbnail	https://commons.wikimedia.org/wiki/File%3AMirpur_Road_-_panoramio.jpg
File:Mirpur Road 2.jpg	https://thumb.wikimedia.org/wikipedia/commons/thumb/a/a9/Mirpur_Road_2.jpg/1920px-Mirpur_Road_2.jpg?utm_source=commons.wikimedia.org&utm_campaign=imageinfo&utm_content=thumbnail	https://commons.wikimedia.org/wiki/File%3AMirpur_Road_2.jpg
File:Mirpur Road Shyamoli.jpg	https://thumb.wikimedia.org/wikipedia/commons/thumb/3/35/Mirpur_Road_Shyamoli.jpg/1920px-Mirpur_Road_Shyamoli.jpg?utm_source=commons.wikimedia.org&utm_campaign=imageinfo&utm_content=thumbnail	https://commons.wikimedia.org/wiki/File%3AMirpur_Road_Shyamoli.jpg
File:Dhaka Wikimedia Community Photowalk, April 2025 in Mirpur 10.jpg	https://thumb.wikimedia.org/wikipedia/commons/thumb/7/78/Dhaka_Wikimedia_Community_Photowalk%2C_April_2025_in_Mirpur_10.jpg/1920px-Dhaka_Wikimedia_Community_Photowalk%2C_April_2025_in_Mirpur_10.jpg?utm_source=commons.wikimedia.org&utm_campaign=imageinfo&utm_content=thumbnail	https://commons.wikimedia.org/wiki/File%3ADhaka_Wikimedia_Community_Photowalk%2C_April_2025_in_Mirpur_10.jpg
File:Dhaka Wikimedia meetup, June 2025 programme at Mirpur 10.jpg	https://thumb.wikimedia.org/wikipedia/commons/thumb/e/ef/Dhaka_Wikimedia_meetup%2C_June_2025_programme_at_Mirpur_10.jpg/1920px-Dhaka_Wikimedia_meetup%2C_June_2025_programme_at_Mirpur_10.jpg?utm_source=commons.wikimedia.org&utm_campaign=imageinfo&utm_content=thumbnail	https://commons.wikimedia.org/wiki/File%3ADhaka_Wikimedia_meetup%2C_June_2025_programme_at_Mirpur_10.jpg
File:Multi-storied build, Mirpur 10,Dhaka.jpg	https://thumb.wikimedia.org/wikipedia/commons/thumb/d/db/Multi-storied_build%2C_Mirpur_10%2CDhaka.jpg/1920px-Multi-storied_build%2C_Mirpur_10%2CDhaka.jpg?utm_source=commons.wikimedia.org&utm_campaign=imageinfo&utm_content=thumbnail	https://commons.wikimedia.org/wiki/File%3AMulti-storied_build%2C_Mirpur_10%2CDhaka.jpg
File:Pallabi, Mirpur Dhaka1.jpg	https://upload.wikimedia.org/wikipedia/commons/4/44/Pallabi%2C_Mirpur_Dhaka1.jpg?utm_source=commons.wikimedia.org&utm_campaign=imageinfo&utm_content=thumbnail_unscaled	https://commons.wikimedia.org/wiki/File%3APallabi%2C_Mirpur_Dhaka1.jpg
File:Pallabi, Mirpur Dhaka2.jpg	https://upload.wikimedia.org/wikipedia/commons/e/e3/Pallabi%2C_Mirpur_Dhaka2.jpg?utm_source=commons.wikimedia.org&utm_campaign=imageinfo&utm_content=thumbnail_unscaled	https://commons.wikimedia.org/wiki/File%3APallabi%2C_Mirpur_Dhaka2.jpg
File:Rooftop capture ar Mirpur 10.jpg	https://thumb.wikimedia.org/wikipedia/commons/thumb/d/da/Rooftop_capture_ar_Mirpur_10.jpg/1920px-Rooftop_capture_ar_Mirpur_10.jpg?utm_source=commons.wikimedia.org&utm_campaign=imageinfo&utm_content=thumbnail	https://commons.wikimedia.org/wiki/File%3ARooftop_capture_ar_Mirpur_10.jpg
File:Rooftop capture ar Mirpur 10 a.jpg	https://thumb.wikimedia.org/wikipedia/commons/thumb/3/38/Rooftop_capture_ar_Mirpur_10_a.jpg/1920px-Rooftop_capture_ar_Mirpur_10_a.jpg?utm_source=commons.wikimedia.org&utm_campaign=imageinfo&utm_content=thumbnail	https://commons.wikimedia.org/wiki/File%3ARooftop_capture_ar_Mirpur_10_a.jpg
File:Rooftop capture ar Mirpur 10 b.jpg	https://thumb.wikimedia.org/wikipedia/commons/thumb/c/c2/Rooftop_capture_ar_Mirpur_10_b.jpg/1920px-Rooftop_capture_ar_Mirpur_10_b.jpg?utm_source=commons.wikimedia.org&utm_campaign=imageinfo&utm_content=thumbnail	https://commons.wikimedia.org/wiki/File%3ARooftop_capture_ar_Mirpur_10_b.jpg
File:Rooftop capture ar Mirpur 10 c.jpg	https://thumb.wikimedia.org/wikipedia/commons/thumb/2/20/Rooftop_capture_ar_Mirpur_10_c.jpg/1920px-Rooftop_capture_ar_Mirpur_10_c.jpg?utm_source=commons.wikimedia.org&utm_campaign=imageinfo&utm_content=thumbnail	https://commons.wikimedia.org/wiki/File%3ARooftop_capture_ar_Mirpur_10_c.jpg
File:SDG graffiti at Mirpur 10.jpg	https://thumb.wikimedia.org/wikipedia/commons/thumb/9/91/SDG_graffiti_at_Mirpur_10.jpg/1920px-SDG_graffiti_at_Mirpur_10.jpg?utm_source=commons.wikimedia.org&utm_campaign=imageinfo&utm_content=thumbnail	https://commons.wikimedia.org/wiki/File%3ASDG_graffiti_at_Mirpur_10.jpg
File:Pallabi, Mirpur, Dhaka3.jpg	https://upload.wikimedia.org/wikipedia/commons/c/c0/Pallabi%2C_Mirpur%2C_Dhaka3.jpg?utm_source=commons.wikimedia.org&utm_campaign=imageinfo&utm_content=thumbnail_unscaled	https://commons.wikimedia.org/wiki/File%3APallabi%2C_Mirpur%2C_Dhaka3.jpg
File:Pallabi, Mirpur Dhaka4.jpg	https://upload.wikimedia.org/wikipedia/commons/6/61/Pallabi%2C_Mirpur_Dhaka4.jpg?utm_source=commons.wikimedia.org&utm_campaign=imageinfo&utm_content=thumbnail_unscaled	https://commons.wikimedia.org/wiki/File%3APallabi%2C_Mirpur_Dhaka4.jpg
File:Pallabi, Mirpur Dhaka5.jpg	https://upload.wikimedia.org/wikipedia/commons/9/95/Pallabi%2C_Mirpur_Dhaka5.jpg?utm_source=commons.wikimedia.org&utm_campaign=imageinfo&utm_content=thumbnail_unscaled	https://commons.wikimedia.org/wiki/File%3APallabi%2C_Mirpur_Dhaka5.jpg
File:Pallabi, Mirpur Dhaka6.jpg	https://upload.wikimedia.org/wikipedia/commons/3/3d/Pallabi%2C_Mirpur_Dhaka6.jpg?utm_source=commons.wikimedia.org&utm_campaign=imageinfo&utm_content=thumbnail_unscaled	https://commons.wikimedia.org/wiki/File%3APallabi%2C_Mirpur_Dhaka6.jpg
File:Pallabi, Mirpur DhakaP.jpg	https://thumb.wikimedia.org/wikipedia/commons/thumb/0/01/Pallabi%2C_Mirpur_DhakaP.jpg/1920px-Pallabi%2C_Mirpur_DhakaP.jpg?utm_source=commons.wikimedia.org&utm_campaign=imageinfo&utm_content=thumbnail	https://commons.wikimedia.org/wiki/File%3APallabi%2C_Mirpur_DhakaP.jpg
